{
  "dependencies": {
    "storage1": {
      "resourceId": "/subscriptions/[parameters('subscriptionId')]/resourceGroups/[parameters('resourceGroup')]/providers/Microsoft.Storage/storageAccounts/msauditstorageaccount",
      "type": "storage.azure",
      "connectionId": "DefaultEndpointsProtocol=https;AccountName=msauditstorageaccount;AccountKey=BqAHYho9o4n5V+88iqpuOIa8NjAP79TeqqOownm6Z4HHyO+3fW+d5rUElxzR12STnJC8z+TwaD2G14MpkZpRgw==;EndpointSuffix=core.windows.net",
      "secretStore": "AzureAppSettings"
    }
  }
}